<?xml version="1.0" encoding="UTF-8"?>
<!DOCTYPE mapper PUBLIC "-//mybatis.org//DTD Mapper 3.0//EN" "http://mybatis.org/dtd/mybatis-3-mapper.dtd">
<mapper namespace="com.dao.DormitoryDao">


    <!-- 通用查询结果列 -->
    <sql id="Base_Column_List">
        a.id as id
        ,a.Building as Building
        ,a.unit as unit
        ,a.room as room
        ,a.create_time as createTime
    </sql>

    <select id="selectListView" parameterType="map" resultType="com.entity.view.DormitoryView" >
        SELECT
        <include refid="Base_Column_List" />
        FROM Dormitory  a
        <where>
            <if test=" params.Building != '' and params.Building != null and params.Building != 'null' ">
                and a.Building like CONCAT('%',#{params.Building},'%')
            </if>
            <if test=" params.unit != '' and params.unit != null and params.unit != 'null' ">
                and a.unit like CONCAT('%',#{params.unit},'%')
            </if>
            <if test=" params.room != '' and params.room != null and params.room != 'null' ">
                and a.room like CONCAT('%',#{params.room},'%')
            </if>
        </where>
        order by a.id desc
    </select>

</mapper>